{
  "tileId": [3, 3],
  "gridResolution": 129,
  "minHeight": -0.000316011,
  "maxHeight": -0.000316011
}
