{
  "tileId": [-5, 3],
  "gridResolution": 257,
  "minHeight": -0.0133253,
  "maxHeight": 0.00210892
}
