{
  "tileId": [1, 2],
  "gridResolution": 129,
  "minHeight": -0.000316011,
  "maxHeight": 7.27929
}
