{
  "tileId": [2, -6],
  "gridResolution": 129,
  "minHeight": -0.000316011,
  "maxHeight": 2.40602
}
