{
  "tileId": [1, 3],
  "gridResolution": 129,
  "minHeight": -0.000316011,
  "maxHeight": 2.26686
}
