{
  "tileId": [-5, -6],
  "gridResolution": 257,
  "minHeight": -0.323483,
  "maxHeight": 0.00210892
}
