{
    "name": "Cessna 172P",
    "jsbsim": {
        "enabled": true,
        "model": "c172p",
        "latitudeDeg": 47.54050064086914,
        "longitudeDeg": -122.31099700927734
    },
    "spawn": {
        "position": [2924.88232421875, 1000.18160009384155, -12189.4130859375],
        "airspeed": 60.0
    },
    "model": {
        "name": "c172p_mesh",
        "path": "assets/models/c172p/c172p.obj",
        "color": [0.8, 0.8, 0.8],
        "scale": 2.0,
        "rotation": [-3.0, 90.0, 0.0],
        "offset": [0.0, -0.065, 0.0]
    }
}
